"구분","구분","링크","링크","링크","링크","링크","링크","링크","링크"
"광역시도","시군구","전체","고속도로","도시고속도로","일반국도","특별광역시도","국가지원지방도","지방도","시군도"
"합계","합계","1,555,158","28,341","3,028","141,467","253,571","41,718","140,144","946,889"
"서울특별시","종로구","1,944","0","10","217","1,717","0","0","0"
"서울특별시","중구","1,696","0","0","14","1,682","0","0","0"
"서울특별시","용산구","1,977","0","82","0","1,864","0","0","31"
"서울특별시","성동구","1,753","0","80","9","1,640","0","0","24"
"서울특별시","광진구","1,595","0","102","271","1,143","0","0","79"
"서울특별시","동대문구","2,182","0","33","128","1,976","0","0","45"
"서울특별시","중랑구","2,382","21","56","276","1,939","0","0","90"
"서울특별시","성북구","2,693","0","43","0","2,616","0","0","34"
"서울특별시","강북구","1,689","0","0","0","1,669","0","0","20"
"서울특별시","도봉구","1,919","0","6","40","1,848","0","0","25"
"서울특별시","노원구","3,213","14","89","195","2,836","0","0","79"
"서울특별시","은평구","2,621","0","0","198","2,332","0","16","75"
"서울특별시","서대문구","1,869","0","24","176","1,666","0","0","3"
"서울특별시","마포구","3,059","0","155","241","2,570","0","0","93"
"서울특별시","양천구","2,465","15","37","21","2,305","0","0","87"
"서울특별시","강서구","4,189","31","97","259","3,784","10","0","8"
"서울특별시","구로구","3,110","0","0","206","2,761","0","112","31"
"서울특별시","금천구","1,492","9","16","107","1,341","0","0","19"
"서울특별시","영등포구","3,796","0","119","199","3,462","0","0","16"
"서울특별시","동작구","1,727","0","40","0","1,639","0","0","48"
"서울특별시","관악구","1,916","0","25","0","1,869","0","0","22"
"서울특별시","서초구","3,027","120","76","67","2,724","0","25","15"
"서울특별시","강남구","4,712","2","105","137","4,257","112","0","99"
"서울특별시","송파구","3,644","36","88","135","3,075","0","9","301"
"서울특별시","강동구","2,631","79","88","110","2,241","0","0","113"
"서울특별시","여유분","0","0","0","0","0","0","0","0"
"서울특별시","여유분","0","0","0","0","0","0","0","0"
"서울특별시","여유분","0","0","0","0","0","0","0","0"
"서울특별시","여유분","0","0","0","0","0","0","0","0"
"서울특별시","여유분","0","0","0","0","0","0","0","0"
"부산광역시","중구","505","0","0","50","429","0","0","26"
"부산광역시","서구","876","0","0","81","752","0","0","43"
"부산광역시","동구","951","0","14","55","823","0","0","59"
"부산광역시","영도구","1,078","0","0","0","957","0","0","121"
"부산광역시","부산진구","2,397","0","39","79","2,107","0","0","172"
"부산광역시","동래구","1,926","0","41","200","1,595","35","0","55"
"부산광역시","남구","1,817","0","52","0","1,712","0","0","53"
"부산광역시","북구","1,923","32","7","211","1,189","0","0","484"
"부산광역시","해운대구","3,660","22","47","50","3,154","164","0","223"
"부산광역시","사하구","2,759","0","0","163","2,167","0","0","429"
"부산광역시","금정구","2,662","96","48","210","2,126","0","26","156"
"부산광역시","강서구","9,657","112","0","273","7,447","336","21","1,468"
"부산광역시","연제구","1,500","0","5","56","1,402","0","0","37"
"부산광역시","수영구","1,139","0","34","0","1,053","49","0","3"
"부산광역시","사상구","2,187","22","22","0","2,005","0","0","138"
"부산광역시","기장군","7,828","180","48","448","5,860","230","0","1,062"
"부산광역시","여유분","0","0","0","0","0","0","0","0"
"부산광역시","여유분","0","0","0","0","0","0","0","0"
"부산광역시","여유분","0","0","0","0","0","0","0","0"
"부산광역시","여유분","0","0","0","0","0","0","0","0"
"대구광역시","중구","1,263","0","43","0","1,194","0","0","26"
"대구광역시","동구","6,646","282","0","216","5,431","0","21","696"
"대구광역시","서구","1,448","27","33","97","1,274","0","0","17"
"대구광역시","남구","1,282","0","64","22","1,149","0","0","47"
"대구광역시","북구","7,810","200","80","352","6,577","0","0","601"
"대구광역시","수성구","5,136","28","36","163","4,206","69","0","634"
"대구광역시","달서구","6,989","67","2","210","6,664","0","0","46"
"대구광역시","달성군","9,861","236","3","497","8,465","144","0","516"
"대구광역시","여유분","0","0","0","0","0","0","0","0"
"대구광역시","여유분","0","0","0","0","0","0","0","0"
"대구광역시","여유분","0","0","0","0","0","0","0","0"
"인천광역시","미추홀구","2,601","25","0","276","2,249","0","0","51"
"인천광역시","연수구","5,012","38","0","58","4,563","0","0","353"
"인천광역시","남동구","5,566","77","0","246","3,860","0","4","1,379"
"인천광역시","부평구","3,215","43","0","92","2,757","0","93","230"
"인천광역시","계양구","2,456","80","0","147","1,863","0","213","153"
"인천광역시","강화군","3,408","0","0","118","2,686","175","336","93"
"인천광역시","옹진군","833","0","0","0","492","0","0","341"
"인천광역시","제물포구","2,005","19","0","241","1,665","8","0","72"
"인천광역시","영종구","6,570","145","0","0","4,916","0","0","1,509"
"인천광역시","서해구","6,484","132","0","86","5,468","173","0","625"
"인천광역시","검단구","3,890","26","0","0","3,028","119","84","633"
"전남광주통합특별시","동구","1,956","0","52","211","1,647","0","0","46"
"전남광주통합특별시","서구","8,078","0","51","189","6,982","0","0","856"
"전남광주통합특별시","남구","4,188","0","28","272","3,773","19","41","55"
"전남광주통합특별시","북구","9,121","103","45","300","8,526","0","0","147"
"전남광주통합특별시","광산구","14,248","126","44","576","12,479","131","112","780"
"전남광주통합특별시","여유분","0","0","0","0","0","0","0","0"
"전남광주통합특별시","여유분","0","0","0","0","0","0","0","0"
"전남광주통합특별시","여유분","0","0","0","0","0","0","0","0"
"대전광역시","동구","3,764","155","0","334","2,856","0","80","339"
"대전광역시","중구","2,902","56","0","205","2,402","0","109","130"
"대전광역시","서구","5,642","52","0","247","5,059","72","0","212"
"대전광역시","유성구","9,469","145","1","280","7,111","225","0","1,707"
"대전광역시","대덕구","3,594","99","66","194","3,044","103","4","84"
"대전광역시","여유분","0","0","0","0","0","0","0","0"
"대전광역시","여유분","0","0","0","0","0","0","0","0"
"대전광역시","여유분","0","0","0","0","0","0","0","0"
"대전광역시","여유분","0","0","0","0","0","0","0","0"
"울산광역시","중구","4,893","30","0","283","3,607","0","0","973"
"울산광역시","남구","7,477","4","0","242","6,449","0","0","782"
"울산광역시","동구","2,031","0","0","0","1,869","0","114","48"
"울산광역시","북구","7,593","4","0","279","6,131","0","194","985"
"울산광역시","울주군","16,759","553","0","1,316","11,904","306","149","2,531"
"경기도","수원시장안구","2,198","30","35","134","0","0","6","1,993"
"경기도","수원시권선구","4,895","24","0","159","0","125","34","4,553"
"경기도","수원시팔달구","1,646","0","0","213","0","0","0","1,433"
"경기도","수원시영통구","2,679","45","26","145","0","0","71","2,392"
"경기도","성남시수정구","2,571","110","50","44","0","73","54","2,240"
"경기도","성남시중원구","2,055","43","12","105","0","0","143","1,752"
"경기도","성남시분당구","5,996","102","155","0","0","291","77","5,371"
"경기도","의정부시","7,639","90","8","550","0","0","0","6,991"
"경기도","안양시만안구","2,276","72","2","67","0","0","132","2,003"
"경기도","안양시동안구","2,586","28","0","227","0","76","10","2,245"
"경기도","광명시","2,480","73","0","11","0","0","156","2,240"
"경기도","평택시","18,698","377","0","1,221","0","48","1,322","15,730"
"경기도","동두천시","3,546","0","0","250","0","0","346","2,950"
"경기도","안산시상록구","4,191","92","0","249","0","64","17","3,769"
"경기도","안산시단원구","8,196","100","0","276","0","11","194","7,615"
"경기도","고양시덕양구","7,753","243","30","736","0","54","562","6,128"
"경기도","고양시일산서구","3,061","0","2","70","0","145","203","2,641"
"경기도","과천시","1,133","10","57","136","0","0","27","903"
"경기도","구리시","2,329","118","81","335","0","0","0","1,795"
"경기도","남양주시","11,446","390","122","934","0","528","655","8,817"
"경기도","오산시","4,604","111","0","172","0","163","243","3,915"
"경기도","시흥시","12,828","276","2","627","0","0","296","11,627"
"경기도","군포시","3,395","114","0","152","0","0","0","3,129"
"경기도","의왕시","2,585","101","0","94","0","80","97","2,213"
"경기도","하남시","3,638","182","5","247","8","0","0","3,196"
"경기도","파주시","12,926","104","0","843","0","799","1,592","9,588"
"경기도","이천시","9,335","241","0","839","0","327","1,101","6,827"
"경기도","안성시","10,705","390","0","776","0","1,387","1,113","7,039"
"경기도","김포시","10,292","85","61","530","8","482","333","8,793"
"경기도","화성시","28,875","786","60","1,415","0","740","2,832","23,042"
"경기도","광주시","7,510","412","0","536","0","548","807","5,207"
"경기도","양주시","8,843","186","0","348","0","776","1,091","6,442"
"경기도","포천시","7,075","203","0","1,430","0","442","1,157","3,843"
"경기도","여주시","9,158","465","0","649","0","739","1,177","6,128"
"경기도","연천군","5,012","0","0","530","0","217","887","3,378"
"경기도","가평군","6,243","58","0","1,548","0","123","761","3,753"
"경기도","양평군","7,371","220","0","864","0","678","1,470","4,139"
"경기도","고양시일산동구","3,916","69","2","32","0","98","230","3,485"
"경기도","부천시","7,044","43","0","469","19","0","0","6,513"
"경기도","용인시처인구","8,476","422","0","852","0","852","923","5,427"
"경기도","용인시기흥구","5,255","166","3","106","0","217","222","4,541"
"경기도","용인시수지구","3,089","47","6","143","0","29","0","2,864"
"강원도","춘천시","8,514","195","0","1,095","0","552","387","6,285"
"강원도","원주시","20,254","362","0","800","0","514","715","17,863"
"강원도","강릉시","10,132","342","0","1,052","0","0","528","8,210"
"강원도","동해시","3,224","79","0","393","0","0","0","2,752"
"강원도","태백시","2,429","0","0","616","0","0","83","1,730"
"강원도","속초시","3,279","38","0","172","0","121","96","2,852"
"강원도","삼척시","6,467","62","0","724","0","268","1,091","4,322"
"강원도","홍천군","8,496","276","0","1,594","0","270","1,407","4,949"
"강원도","횡성군","6,661","207","0","1,095","0","0","855","4,504"
"강원도","영월군","4,666","0","0","792","0","759","242","2,873"
"강원도","평창군","6,415","208","0","1,351","0","125","940","3,791"
"강원도","정선군","5,501","0","0","1,126","0","133","850","3,392"
"강원도","철원군","4,732","0","0","841","0","88","566","3,237"
"강원도","화천군","3,178","0","0","597","0","0","986","1,595"
"강원도","양구군","3,824","0","0","540","0","0","517","2,767"
"강원도","인제군","4,921","135","0","1,061","0","71","804","2,850"
"강원도","고성군","3,867","0","0","584","0","48","0","3,235"
"강원도","양양군","4,268","248","0","936","0","0","140","2,944"
"강원도","여유분","0","0","0","0","0","0","0","0"
"강원도","여유분","0","0","0","0","0","0","0","0"
"충청북도","청주시상당구","7,890","42","0","558","0","401","533","6,356"
"충청북도","청주시흥덕구","9,207","200","0","310","0","0","817","7,880"
"충청북도","충주시","14,813","416","0","1,077","0","514","1,480","11,326"
"충청북도","제천시","10,213","132","0","770","0","557","589","8,165"
"충청북도","보은군","4,391","159","0","884","0","0","901","2,447"
"충청북도","옥천군","5,022","147","0","645","0","0","891","3,339"
"충청북도","영동군","6,053","179","0","643","0","616","1,045","3,570"
"충청북도","증평군","2,421","0","0","224","0","0","332","1,865"
"충청북도","진천군","7,146","120","0","740","0","46","551","5,689"
"충청북도","괴산군","6,053","110","0","1,046","0","321","1,257","3,319"
"충청북도","음성군","9,652","252","0","695","0","534","1,332","6,839"
"충청북도","단양군","4,316","99","0","1,031","0","53","761","2,372"
"충청북도","청주시서원구","3,901","120","0","250","0","138","231","3,162"
"충청북도","청주시청원구","7,488","102","0","464","0","272","487","6,163"
"충청남도","공주시","8,212","444","0","1,535","0","269","1,421","4,543"
"충청남도","보령시","8,579","170","0","1,273","0","0","998","6,138"
"충청남도","아산시","14,375","187","0","1,215","0","210","1,320","11,443"
"충청남도","서산시","9,643","115","0","1,087","0","176","1,069","7,196"
"충청남도","논산시","7,724","251","0","615","0","437","1,173","5,248"
"충청남도","계룡시","1,965","7","0","48","0","0","0","1,910"
"충청남도","금산군","4,505","88","0","699","0","411","715","2,592"
"충청남도","부여군","5,828","175","0","1,190","0","141","1,113","3,209"
"충청남도","서천군","5,807","171","0","492","0","95","1,011","4,038"
"충청남도","청양군","4,436","152","0","689","0","364","677","2,554"
"충청남도","홍성군","7,668","81","0","685","0","389","479","6,034"
"충청남도","예산군","7,383","291","0","906","0","56","984","5,146"
"충청남도","태안군","5,412","0","0","1,037","0","25","172","4,178"
"충청남도","당진시","12,053","160","0","749","0","289","1,869","8,986"
"충청남도","천안시동남구","9,382","307","0","544","0","199","604","7,728"
"충청남도","천안시서북구","12,568","73","0","384","0","359","106","11,646"
"전라북도","전주시완산구","9,118","119","0","241","0","0","207","8,551"
"전라북도","전주시덕진구","8,823","77","0","452","0","0","52","8,242"
"전라북도","군산시","16,015","142","0","1,554","0","0","1,443","12,876"
"전라북도","익산시","16,165","64","0","890","0","11","1,903","13,297"
"전라북도","정읍시","11,041","131","0","1,151","0","219","1,578","7,962"
"전라북도","남원시","9,189","284","0","1,130","0","589","1,334","5,852"
"전라북도","김제시","10,485","398","0","1,081","0","0","2,041","6,965"
"전라북도","완주군","7,989","413","0","801","0","176","1,299","5,300"
"전라북도","진안군","5,046","99","0","1,005","0","555","727","2,660"
"전라북도","무주군","4,016","86","0","903","0","221","564","2,242"
"전라북도","장수군","4,579","100","0","1,054","0","0","1,016","2,409"
"전라북도","임실군","5,355","114","0","952","0","189","768","3,332"
"전라북도","순창군","5,346","52","0","1,055","0","211","623","3,405"
"전라북도","고창군","8,731","195","0","816","0","535","1,115","6,070"
"전라북도","부안군","8,147","162","0","1,104","0","0","1,329","5,552"
"전남광주통합특별시","목포시","10,103","0","0","127","0","0","33","9,943"
"전남광주통합특별시","여수시","11,174","0","0","1,014","0","256","415","9,489"
"전남광주통합특별시","순천시","11,791","337","0","1,479","0","340","985","8,650"
"전남광주통합특별시","나주시","10,126","96","0","861","0","413","1,032","7,724"
"전남광주통합특별시","광양시","10,321","138","0","429","0","212","1,085","8,457"
"전남광주통합특별시","담양군","5,808","225","0","838","0","261","706","3,778"
"전남광주통합특별시","곡성군","5,039","142","0","1,064","0","281","531","3,021"
"전남광주통합특별시","구례군","3,281","73","0","465","0","0","592","2,151"
"전남광주통합특별시","고흥군","7,757","12","0","1,496","0","132","952","5,165"
"전남광주통합특별시","보성군","5,097","151","0","1,044","0","67","1,404","2,431"
"전남광주통합특별시","화순군","5,806","0","0","810","0","173","1,216","3,607"
"전남광주통합특별시","장흥군","5,644","82","0","956","0","0","987","3,619"
"전남광주통합특별시","강진군","4,975","69","0","709","0","181","716","3,300"
"전남광주통합특별시","해남군","9,386","0","0","1,473","0","180","1,367","6,366"
"전남광주통합특별시","영암군","8,329","52","0","496","0","151","1,498","6,132"
"전남광주통합특별시","무안군","7,409","161","0","667","0","350","1,148","5,083"
"전남광주통합특별시","함평군","5,138","208","0","780","0","0","828","3,322"
"전남광주통합특별시","영광군","5,450","104","0","1,095","0","18","755","3,478"
"전남광주통합특별시","장성군","6,631","277","0","544","0","291","752","4,767"
"전남광주통합특별시","완도군","3,022","0","0","562","0","0","207","2,253"
"전남광주통합특별시","진도군","4,420","0","0","853","0","0","839","2,728"
"전남광주통합특별시","신안군","2,766","0","0","870","0","0","656","1,240"
"경상북도","포항시남구","9,782","114","0","948","0","0","573","8,147"
"경상북도","포항시북구","9,557","182","0","877","0","985","234","7,279"
"경상북도","경주시","16,914","307","0","2,949","0","543","1,009","12,106"
"경상북도","김천시","9,149","302","0","1,660","0","0","1,440","5,747"
"경상북도","안동시","12,162","215","0","1,967","0","50","1,931","7,999"
"경상북도","구미시","13,258","312","0","1,283","0","310","677","10,676"
"경상북도","영주시","5,790","81","0","456","0","468","581","4,204"
"경상북도","영천시","7,742","420","0","829","0","405","1,047","5,041"
"경상북도","상주시","9,153","418","0","1,114","0","780","1,447","5,394"
"경상북도","문경시","7,722","96","0","694","0","189","1,436","5,307"
"경상북도","경산시","10,485","158","0","327","0","529","594","8,877"
"경상북도","군위군","3,781","201","0","621","20","405","578","1,956"
"경상북도","의성군","6,360","227","0","1,139","0","467","1,584","2,943"
"경상북도","청송군","3,734","88","0","847","0","152","972","1,675"
"경상북도","영양군","2,737","0","0","535","0","0","1,462","740"
"경상북도","영덕군","4,876","249","0","660","0","624","514","2,829"
"경상북도","청도군","4,076","66","0","838","0","342","558","2,272"
"경상북도","고령군","3,630","149","0","406","0","225","273","2,577"
"경상북도","성주군","5,692","139","0","883","0","93","803","3,774"
"경상북도","칠곡군","7,389","292","0","828","0","195","234","5,840"
"경상북도","예천군","6,475","56","0","749","0","89","1,242","4,339"
"경상북도","봉화군","4,048","0","0","787","0","250","980","2,031"
"경상북도","울진군","5,522","0","0","975","0","262","762","3,523"
"경상북도","울릉군","335","0","0","0","0","255","0","80"
"경상남도","진주시","13,757","216","0","756","0","97","1,939","10,749"
"경상남도","통영시","4,066","63","0","521","0","37","497","2,948"
"경상남도","사천시","8,702","88","0","593","0","452","1,064","6,505"
"경상남도","김해시","19,488","534","0","842","0","584","662","16,866"
"경상남도","밀양시","7,572","290","0","1,051","0","178","1,029","5,024"
"경상남도","거제시","6,795","0","0","687","0","252","874","4,982"
"경상남도","양산시","12,475","244","0","605","0","302","824","10,500"
"경상남도","의령군","4,649","0","0","549","0","252","1,079","2,769"
"경상남도","함안군","6,117","190","0","494","0","378","1,046","4,009"
"경상남도","창녕군","7,255","136","0","1,060","0","174","1,257","4,628"
"경상남도","고성군","5,406","106","0","950","0","154","1,608","2,588"
"경상남도","남해군","2,978","0","0","845","0","0","868","1,265"
"경상남도","하동군","5,758","68","0","712","0","0","1,439","3,539"
"경상남도","산청군","5,778","106","0","1,176","0","341","860","3,295"
"경상남도","함양군","5,386","193","0","763","0","516","740","3,174"
"경상남도","거창군","6,141","100","0","899","0","217","1,367","3,558"
"경상남도","합천군","6,500","54","0","1,160","0","283","1,386","3,617"
"제주특별자치도","제주시","20,293","0","0","0","0","364","3,822","16,107"
"제주특별자치도","서귀포시","16,770","0","0","0","0","254","3,392","13,124"
"세종특별자치시","세종특별자치시","11,893","62","0","694","9,436","325","981","395"
"경상남도","창원시의창구","6,549","74","33","413","0","456","0","5,573"
"경상남도","창원시성산구","3,558","0","0","181","0","0","149","3,228"
"경상남도","창원시마산합포구","4,859","0","0","995","0","0","398","3,466"
"경상남도","창원시마산회원구","2,645","74","0","260","0","55","0","2,256"
"경상남도","창원시진해구","9,042","35","0","519","0","4","0","8,484"